Name,Email,Phone Number,Gender,Country
Rebecca Kaufman,renee88@davis.com,+1-596-007-6506,Female,US
Valerie Boyd,jessica67@hughes.com,001-106-856-3245x142,Female,UK
Deanna Cain,ashley07@green.info,001-646-540-0582x54964,Female,NGN
Laura West,smithdevin@medina.com,828-119-8423,Female,VN
Nicole Reeves,nicole42@gmail.com,001-094-514-0029x5541,Female,SK
Jill Gillespie,fullerryan@lawson.info,8837205108,Female,LAO
Beth Brooks,marquezdonald@gregory-gray.com,171.624.5392,Female,US
Patricia Novak,jamesmoore@gmail.com,(020)047-6594x53088,Female,UK
Brent Johnson,gforbes@gmail.com,+1-696-837-1999x3488,Male,NGN
Robin Marshall,richardbates@lee-hodge.org,4645174977,Female,VN
Joshua Bowen,wallacecarrie@nguyen-williamson.com,001-158-049-2576x361,Male,SK
Matthew Harvey,vanthony@gmail.com,(712)660-0627x286,Male,LAO
Julie Holloway,nhernandez@young.info,001-867-650-1127x8376,Female,US
William Rogers,andrew88@hotmail.com,302-484-1505x17162,Male,UK
Ryan Velasquez,bsimpson@hotmail.com,(479)423-9121,Male,NGN
Robert Delacruz,rvincent@yahoo.com,330.473.0594x538,Male,VN
Valerie Hodges,wilsonlisa@hotmail.com,380-006-5187x0996,Female,SK
Kimberly Mclaughlin,lholmes@webb.com,(226)378-8625x752,Female,LAO
Bryan Wilson,terranceanderson@padilla.com,042-417-6746,Male,US
Mr. Robert Kim,scott68@wilkerson.com,+1-871-457-9653x382,Male,UK
Elizabeth Graham,jessica58@little-frank.com,001-891-444-6406x44710,Female,NGN
Joshua Stephens,qhernandez@harris-nelson.info,136.304.4348,Male,VN
Brandon Fuentes,floresamber@hotmail.com,+1-125-634-7244x92957,Male,SK
Jonathan Harris,hmcdowell@hotmail.com,3077262496,Male,LAO
Bradley King,brandycameron@harmon-kline.biz,(544)068-4734x6438,Male,US
Katherine Baker,hgalloway@gardner.com,(930)624-1103x4051,Female,UK
Darryl Mcclain,destinypineda@hotmail.com,599-873-9071,Male,NGN
Judith Morrison,diane55@gmail.com,(945)799-6712,Female,VN
John Jones,jenkinsdawn@carpenter.info,001-664-497-8891x3028,Male,SK
Katie Valenzuela,tyler56@cox.com,+1-809-600-9915,Female,LAO
Teresa Williams,clarkblake@gmail.com,001-679-146-1696,Female,US
Denise Harrison,sergiohughes@hotmail.com,375-649-9354x0405,Female,UK
Riley Anderson,kristi11@henderson-bryant.com,001-358-625-9406,Male,NGN
Jade Mathews,anthonydeanna@gmail.com,876-214-1892,Female,VN
Joseph Delgado,michelle92@yahoo.com,(776)158-3436,Male,SK
Mrs. Megan Carter,jennifer40@hotmail.com,791.975.5385x45365,Female,LAO
Dillon Franklin,grossmatthew@hotmail.com,(062)957-7495x24152,Male,US
Christina Mullins,hward@gmail.com,001-716-372-2919,Female,UK
Megan Stone,rsmith@phillips-fleming.biz,(668)520-0443x26666,Female,NGN
Michael Mclaughlin,gomezsue@yahoo.com,7172635952,Male,VN
Brandon Holloway,uaguilar@shaffer.com,783-310-6734x414,Male,SK
William Becker,brittanywalker@baird.org,3523402799,Male,LAO
Brittany Bowers,jeffreymiller@shepard.com,813.168.4820x7519,Female,US
Sharon Pope,lewismonica@yahoo.com,+1-651-561-7889x326,Female,UK
Robert Harmon,ljohnson@hotmail.com,001-459-555-2612x2357,Male,NGN
Jessica Anderson,nicholsdale@yahoo.com,+1-306-564-4355,Female,VN
Jenny Neal,gholland@hotmail.com,511.758.1255,Female,SK
Daniel Sandoval,knoxkelly@yahoo.com,001-400-346-0003x751,Male,LAO
Dr. Robert Mason Jr.,brandy89@yahoo.com,2646859597,Male,US
Robert Webb,joneskaitlyn@yahoo.com,389-616-7901x13659,Male,UK
